Workbook

Sheet Como preencher
B1: Planilha de produtos — Catálogo Ouse Mais
B2: Preencha os campos em amarelo. Depois me envie a planilha que eu atualizo o site com os valores.
B4: Legenda
B5: AMARELO = você preenche
B6: CINZA = código interno do site, não altere
B7: Sem cor = já preenchido com o que está no site (pode corrigir se algo estiver errado)
B9: Abas
B10: Produtos: preço, preço antigo (para mostrar "de/por"), ranking de mais vendidos e se está disponível ou esgotado.
B11: Kits: preço de cada kit. A planilha soma o preço dos itens separados e calcula quanto o cliente economiza.
B12: Categorias: quantos produtos cada categoria tem hoje (calculado automaticamente).
B13: Entrega e pagamento: frete, prazo e formas de pagamento aceitas (o pagamento é feito no WhatsApp).
B15: Como preencher (exemplo)
... B19: Disponibilidade: escolha Disponível ou Esgotado na lista.

Sheet Produtos
A1: Código do site | B1: Categoria | C1: Produto | D1: Marca | E1: Detalhes | F1: Opções (cores/frases) | G1: Preço (R$) | H1: Preço antigo "de" (R$) | I1: Ranking mais vendidos | J1: Disponibilidade | K1: Observações
A2: love-lub-hot | B2: Lubrificantes | C2: Love Lub Hot | D2: La Pimienta | E2: 60 g, Base água | J2: Disponível
A3: love-lub-ice | B3: Lubrificantes | C3: Love Lub Ice | D3: La Pimienta | E3: 60 g, Base água | J3: Disponível
A4: love-lub-neutro | B4: Lubrificantes | C4: Love Lub Neutro | D4: La Pimienta | E4: 60 g, Base água | J4: Disponível
A5: aqua-silicon | B5: Lubrificantes | C5: Aqua Silicon | D5: La Pimienta | E5: 30 g | J5: Disponível
A6: rilex-morango | B6: Lubrificantes | C6: Gel Lubrificante Morango | D6: Rilex | E6: 50 g, Base água | J6: Disponível
A7: rilex-menta | B7: Lubrificantes | C7: Gel Lubrificante Menta | D7: Rilex | E7: 50 g, Base água | J7: Disponível
A8: jato-sex-esquenta | B8: Lubrificantes | C8: Jato Sex Esquenta | D8: Pepper Blend | E8: 7 g | J8: Disponível
A9: d4-morango | B9: Comestíveis | C9: D4 Gel Beijável Morango | D9: Sexy Fantasy | E9: 60 g, Beijável | J9: Disponível
A10: sedenta | B10: Comestíveis | C10: Sedenta por Oral | D10: Sedenta | E10: 50 g, Glitter, Lolipop | J10: Disponível
A11: kuloko | B11: Comestíveis | C11: Kuloko Gel Beijável | D11: Hot Flowers | E11: 15 g, Beijável | J11: Disponível
A12: calcinha-laco | B12: Calcinhas | C12: Calcinha Laço de Cetim | D12: Moda íntima | E12: Renda, Alças reguláveis | F12: Cor: Preto, Vermelho, Branco, Nude | J12: Disponível
A13: calcinha-frase | B13: Calcinhas | C13: Calcinha com Frase | D13: Moda íntima | E13: Renda, Letras douradas, Strass | F13: Frase: Me Chupa, Toda Sua, Safada, Me Fode, Delícia, Gostosa, Sua Puta, Me Come (cor a combinar) | J13: Disponível
A14: vibrador-curvo | B14: Vibradores | C14: Vibrador Curvo em U | D14: Vibrador | E14: Silicone, Rosa | J14: Disponível
A15: (novo)
A26: Linhas em amarelo vazias: use para cadastrar produtos novos (mande as fotos junto).

Sheet Kits
A1: Código do site | B1: Kit | C1: Item 1 | D1: Item 2 | E1: Item 3 | F1: Soma dos itens separados (R$) | G1: Preço do kit (R$) | H1: Economia (R$) | I1: Economia (%) | J1: Disponibilidade | K1: Observações
A2: kit-a-dois | B2: Kit A Dois | C2: Love Lub Hot | D2: D4 Gel Beijável Morango | E2: Jato Sex Esquenta | F2: =IF(C2="",0,SUMIF(Produtos!$C$2:$C$24,C2,Produtos!$G$2:$G$24))+IF(D2="",0,SUMIF(Produtos!$C$2:$C$24,D2,Produtos!$G$2:$G$24))+IF(E2="",0,SUMIF(Produtos!$C$2:$C$24,E2,Produtos!$G$2:$G$24)) -> 0 | H2: =IF(OR(G2="",F2=0),"",F2-G2) | I2: =IF(OR(G2="",F2=0),"",(F2-G2)/F2) | J2: Disponível
A3: kit-love-lub | B3: Kit Love Lub Completo | C3: Love Lub Hot | D3: Love Lub Ice | E3: Love Lub Neutro | F3: =IF(C3="",0,SUMIF(Produtos!$C$2:$C$24,C3,Produtos!$G$2:$G$24))+IF(D3="",0,SUMIF(Produtos!$C$2:$C$24,D3,Produtos!$G$2:$G$24))+IF(E3="",0,SUMIF(Produtos!$C$2:$C$24,E3,Produtos!$G$2:$G$24)) -> 0 | H3: =IF(OR(G3="",F3=0),"",F3-G3) | I3: =IF(OR(G3="",F3=0),"",(F3-G3)/F3) | J3: Disponível
A4: kit-beijavel | B4: Kit Beijável | C4: D4 Gel Beijável Morango | D4: Sedenta por Oral | E4: Kuloko Gel Beijável | F4: =IF(C4="",0,SUMIF(Produtos!$C$2:$C$24,C4,Produtos!$G$2:$G$24))+IF(D4="",0,SUMIF(Produtos!$C$2:$C$24,D4,Produtos!$G$2:$G$24))+IF(E4="",0,SUMIF(Produtos!$C$2:$C$24,E4,Produtos!$G$2:$G$24)) -> 0 | H4: =IF(OR(G4="",F4=0),"",F4-G4) | I4: =IF(OR(G4="",F4=0),"",(F4-G4)/F4) | J4: Disponível
A5: kit-descoberta | B5: Kit Descoberta | C5: Vibrador Curvo em U | D5: Love Lub Neutro | F5: =IF(C5="",0,SUMIF(Produtos!$C$2:$C$24,C5,Produtos!$G$2:$G$24))+IF(D5="",0,SUMIF(Produtos!$C$2:$C$24,D5,Produtos!$G$2:$G$24))+IF(E5="",0,SUMIF(Produtos!$C$2:$C$24,E5,Produtos!$G$2:$G$24)) -> 0 | H5: =IF(OR(G5="",F5=0),"",F5-G5) | I5: =IF(OR(G5="",F5=0),"",(F5-G5)/F5) | J5: Disponível
B7: Dica: deixe o preço do kit um pouco abaixo da soma dos itens. O site pode mostrar "economize R$ X", que é o que faz o cliente escolher o kit.

Sheet Categorias
A1: Ordem no site | B1: Categoria | C1: Produtos no catálogo | D1: Situação
A2: 1 | B2: Lubrificantes | C2: =COUNTIF(Produtos!$B$2:$B$24,B2) -> 7 | D2: =IF(C2=0,"Sem produtos: mostra aviso de WhatsApp","Com produtos") -> Com produtos
A3: 2 | B3: Anais | C3: =COUNTIF(Produtos!$B$2:$B$24,B3) -> 0 | D3: =IF(C3=0,"Sem produtos: mostra aviso de WhatsApp","Com produtos") -> Sem produtos: mostra aviso de WhatsApp
A4: 3 | B4: Comestíveis | C4: =COUNTIF(Produtos!$B$2:$B$24,B4) -> 3 | D4: =IF(C4=0,"Sem produtos: mostra aviso de WhatsApp","Com produtos") -> Com produtos
A5: 4 | B5: Jogos | C5: =COUNTIF(Produtos!$B$2:$B$24,B5) -> 0 | D5: =IF(C5=0,"Sem produtos: mostra aviso de WhatsApp","Com produtos") -> Sem produtos: mostra aviso de WhatsApp
A6: 5 | B6: Calcinhas | C6: =COUNTIF(Produtos!$B$2:$B$24,B6) -> 2 | D6: =IF(C6=0,"Sem produtos: mostra aviso de WhatsApp","Com produtos") -> Com produtos
A7: 6 | B7: Lingeries | C7: =COUNTIF(Produtos!$B$2:$B$24,B7) -> 0 | D7: =IF(C7=0,"Sem produtos: mostra aviso de WhatsApp","Com produtos") -> Sem produtos: mostra aviso de WhatsApp
A8: 7 | B8: Fantasias | C8: =COUNTIF(Produtos!$B$2:$B$24,B8) -> 0 | D8: =IF(C8=0,"Sem produtos: mostra aviso de WhatsApp","Com produtos") -> Sem produtos: mostra aviso de WhatsApp
A9: 8 | B9: Anéis | C9: =COUNTIF(Produtos!$B$2:$B$24,B9) -> 0 | D9: =IF(C9=0,"Sem produtos: mostra aviso de WhatsApp","Com produtos") -> Sem produtos: mostra aviso de WhatsApp
A10: 9 | B10: Vibradores | C10: =COUNTIF(Produtos!$B$2:$B$24,B10) -> 1 | D10: =IF(C10=0,"Sem produtos: mostra aviso de WhatsApp","Com produtos") -> Com produtos
A11: 10 | B11: Kits | C11: =COUNTA(Kits!$B$2:$B$5) -> 4 | D11: =IF(C11=0,"Sem produtos: mostra aviso de WhatsApp","Com produtos") -> Com produtos
A12: 11 | B12: Fetiches | C12: =COUNTIF(Produtos!$B$2:$B$24,B12) -> 0 | D12: =IF(C12=0,"Sem produtos: mostra aviso de WhatsApp","Com produtos") -> Sem produtos: mostra aviso de WhatsApp
A13: 12 | B13: Cuidados | C13: =COUNTIF(Produtos!$B$2:$B$24,B13) -> 0 | D13: =IF(C13=0,"Sem produtos: mostra aviso de WhatsApp","Com produtos") -> Sem produtos: mostra aviso de WhatsApp
B14: Total | C14: =SUM(C2:C13) -> 17

Sheet Entrega e pagamento
A1: Informação | B1: Resposta | C1: Para que serve no site
A2: Formas de pagamento aceitas | C2: Ex.: Pix, cartão, dinheiro na entrega. Aparece nos avisos do site; o pagamento continua sendo feito pelo WhatsApp.
A3: Parcela no cartão? Em quantas vezes? | C3: Mostrado nos avisos do site.
A4: Frete em Campestre | C4: Ex.: grátis, R$ 5, retirada na loja.
A5: Frete para outras cidades | C5: Ex.: valor fixo por cidade, Correios, combinado no WhatsApp.
A6: Frete grátis acima de (R$) | C6: Opcional. Cria a faixa "frete grátis acima de R$ X".
A7: Prazo de envio | C7: Ex.: envio no mesmo dia útil.
A8: Pode retirar na loja? Endereço | C8: Opcional.
A9: Embalagem sigilosa | B9: Sim | C9: Já está no site.
